FIPS,RUCA_urban_code,sec_RUCA_urban_code,pop,land_area,pop_density
55001950100,5,5,"2,973",90.3,32.9
55001950201,10,10,"1,379",42.5,32.4
55001950202,10,10,"2,674",180.6,14.8
55001950400,10,10,"4,767",91.0,52.4
55001950501,10,10,"1,469",44.1,33.3
55001950502,10,10,"4,112",96.3,42.7
55001950700,6,6,"3,501",100.9,34.7
55003940000,8,8,"1,867",216.8,8.6
55003950300,7,7,"2,696",2.2,"1,226.2"
55003950400,7,7,"2,410",3.3,725.7
55003950500,8,8,"2,201",131.7,16.7
55003950600,10,10.3,"1,391",200.5,6.9
55003950700,10,10,"2,206",404.3,5.5
55003950800,7,7,"3,386",86.2,39.3
55003990000,99,99,0,0.0,
55005000100,8,8,"3,829",130.0,29.5
55005000200,10,10,"3,933",70.5,55.8
55005000300,10,10,"4,215",98.3,42.9
55005000400,7,7,"5,465",83.7,65.3
55005000500,7,7,"4,242",7.9,533.8
55005000600,7,7,"6,182",7.1,867.7
55005000800,8,8,"5,435",105.2,51.7
55005000900,10,10,"5,123",217.4,23.6
55005001001,9,9,"1,874",77.9,24.1
55005001002,7,7,"5,572",64.7,86.1
55007960100,10,10,"2,713",176.1,15.4
55007960200,10,10,"1,679",323.5,5.2
55007960300,8,8,"3,661",134.1,27.3
55007960400,8,8,"4,926",505.2,9.8
55007960600,10,10,"2,035",339.0,6.0
55007990000,99,99,0,0.0,
55009000100,1,1,"2,690",2.8,950.5
55009000200,1,1,"5,963",1.2,"5,033.3"
55009000302,1,1,"4,553",1.1,"4,220.6"
55009000303,1,1,"2,811",0.7,"3,869.4"
55009000401,1,1,"4,632",0.9,"4,933.3"
55009000402,1,1,"2,343",0.7,"3,363.3"
55009000500,1,1,"2,953",0.5,"6,557.0"
55009000600,1,1,"4,097",0.8,"4,933.4"
55009000700,1,1,"4,945",0.9,"5,238.8"
55009000800,1,1,"1,835",0.8,"2,280.5"
55009000900,1,1,"4,029",1.2,"3,393.6"
55009001000,1,1,"1,538",0.6,"2,667.3"
55009001100,1,1,"2,081",0.4,"5,283.2"
55009001200,1,1,"2,323",0.3,"8,417.2"
55009001300,1,1,"3,022",0.5,"5,675.3"
55009001400,1,1,"3,804",0.8,"4,590.8"
55009001600,1,1,"6,505",1.4,"4,610.0"
55009001701,1,1,"3,528",0.7,"4,922.5"
55009001702,1,1,"3,529",1.1,"3,198.0"
55009001801,1,1,"4,971",4.4,"1,121.4"
55009001802,1,1,"5,449",7.5,730.4
55009002001,1,1,"8,222",2.7,"3,051.5"
55009002002,1,1,"5,157",1.4,"3,716.7"
55009002003,1,1,"3,278",5.3,622.2
55009010100,1,1,"6,254",1.9,"3,368.7"
55009010201,1,1,"4,581",1.5,"2,956.2"
55009010202,1,1,"5,002",2.5,"2,003.4"
55009010300,1,1,"6,892",6.6,"1,040.2"
55009020100,2,2,"5,645",64.0,88.2
55009020203,1,1,"6,367",19.4,328.0
55009020204,1,1,"4,979",17.0,293.0
55009020502,1,1,"5,306",8.0,666.2
55009020503,1,1,"7,705",3.4,"2,235.3"
55009020504,1,1,"4,388",6.8,645.5
55009020600,2,2,"5,172",60.2,85.9
55009020702,1,1,"5,884",45.8,128.5
55009020703,1,1,"6,963",6.7,"1,032.4"
55009020704,1,1,"7,710",7.5,"1,033.2"
55009020800,1,1,"2,230",1.0,"2,194.1"
55009020900,1,1,"2,771",0.8,"3,560.9"
55009021000,1,1,"2,731",1.1,"2,377.2"
55009021100,1,1,"1,092",0.1,"14,969.8"
55009021200,1,1,"5,151",1.6,"3,232.0"
55009021301,1,1,"3,305",1.0,"3,275.6"
55009021302,1,1,"6,183",2.6,"2,354.7"
55009021303,1,1,"3,955",3.9,"1,026.5"
55009021304,1,1,"2,117",1.7,"1,233.3"
55009021400,2,2,"7,038",58.4,120.6
55009021500,2,2,"3,118",72.3,43.1
55009021600,2,2,"5,929",34.3,172.8
55009940001,1,1,"14,585",53.5,272.7
55009940002,1,1,"4,729",4.5,"1,062.4"
55009940003,1,1,"3,298",1.6,"2,084.4"
55009940004,1,1,"2,669",1.3,"2,052.8"
55011960100,10,10,"2,726",231.6,11.8
55011960200,10,10.1,"2,900",11.4,254.0
55011960300,10,10,"2,163",129.3,16.7
55011960400,5,5,"2,518",127.3,19.8
55011960500,5,5,"3,280",172.1,19.1
55013970400,10,10,"3,780",244.4,15.5
55013970600,10,10,"1,913",152.0,12.6
55013970700,10,10,"2,489",108.1,23.0
55013970800,10,10,"2,329",80.4,29.0
55013970900,10,10,"3,019",113.8,26.5
55013971000,10,10,"1,927",123.2,15.6
55015020100,7,7,"4,634",35.8,129.5
55015020200,3,3,"3,908",97.0,40.3
55015020303,1,1,"3,878",0.8,"4,976.0"
55015020304,1,1,"3,827",0.7,"5,259.2"
55015020306,1,1,"6,453",28.8,224.3
55015020308,1,1,"2,997",5.1,583.0
55015020400,3,3,"3,421",73.4,46.6
55015020500,7,7,"5,106",37.4,136.6
55015020600,7,7,"5,053",34.5,146.5
55015020700,1,1,"4,136",1.5,"2,746.4"
55015020800,1,1,"5,558",3.2,"1,747.8"
55017010100,1,1,"3,004",5.9,507.5
55017010200,1,1,"6,767",13.5,501.4
55017010300,1,1,"5,465",2.1,"2,662.5"
55017010400,2,2,"4,876",106.2,45.9
55017010500,1,1,"5,378",7.5,719.8
55017010700,1,1,"7,226",34.9,206.9
55017010800,2,2,"7,061",129.3,54.6
55017010900,7,7,"4,820",198.6,24.3
55017011000,2,2,"7,085",200.8,35.3
55017011100,2,2,"4,077",196.3,20.8
55017011200,7,7.1,"6,656",113.2,58.8
55019950100,7,7,"4,950",40.6,121.8
55019950200,10,10,"4,520",121.0,37.4
55019950300,10,10,"4,350",112.7,38.6
55019950400,10,10,"3,988",217.8,18.3
55019950500,10,10,"5,277",158.9,33.2
55019950600,10,10,"4,797",211.8,22.7
55019950700,10,10,"3,635",40.2,90.4
55019950800,10,10,"3,173",306.8,10.3
55021970100,10,10,"4,153",142.3,29.2
55021970200,2,2,"5,868",72.4,81.1
55021970300,4,4,"4,008",73.6,54.5
55021970400,4,4,"6,557",13.2,496.3
55021970500,4,4,"4,316",5.6,765.9
55021970600,5,5,"4,632",103.8,44.6
55021970700,2,2,"4,206",40.3,104.3
55021970800,2,2,"5,605",47.5,118.1
55021970900,2,2,"4,695",50.1,93.7
55021971000,2,2,"3,971",107.6,36.9
55021971100,7,7.1,"3,622",93.0,39.0
55021971200,7,7.1,"5,200",16.1,322.4
55023960100,10,10,"2,802",137.8,20.3
55023960200,10,10,"2,291",135.8,16.9
55023960300,9,9,"2,486",202.3,12.3
55023960400,10,10.3,"3,233",85.5,37.8
55023960500,7,7,"1,994",0.9,"2,222.4"
55023960600,7,7,"3,838",8.4,459.1
55025000100,1,1,"2,604",0.8,"3,239.6"
55025000201,1,1,"2,149",0.7,"2,983.7"
55025000202,1,1,"3,016",0.9,"3,258.1"
55025000204,1,1,"5,012",1.0,"4,845.3"
55025000205,1,1,"5,131",1.6,"3,244.7"
55025000300,1,1,"5,380",0.9,"5,914.0"
55025000401,1,1,"3,148",0.7,"4,489.5"
55025000402,1,1,"2,451",1.1,"2,263.7"
55025000405,1,1,"5,761",1.7,"3,457.5"
55025000406,1,1,"2,968",1.2,"2,399.6"
55025000407,1,1,"5,661",1.1,"5,323.3"
55025000408,1,1,"1,685",1.5,"1,115.5"
55025000501,1,1,"4,670",1.3,"3,609.2"
55025000503,1,1,"7,033",1.3,"5,390.5"
55025000504,1,1,"6,738",1.9,"3,512.1"
55025000600,1,1,"5,647",1.2,"4,644.6"
55025000700,1,1,"3,211",0.9,"3,618.6"
55025000800,1,1,"3,557",0.7,"4,822.1"
55025000901,1,1,"2,142",0.2,"8,599.1"
55025000902,1,1,"5,310",0.5,"10,196.5"
55025001000,1,1,"2,301",0.6,"3,792.0"
55025001101,1,1,"4,197",0.3,"16,255.0"
55025001102,1,1,"3,150",0.4,"7,621.1"
55025001200,1,1,"5,890",0.7,"8,386.6"
55025001300,1,1,"2,401",0.6,"4,206.1"
55025001401,1,1,"5,941",1.6,"3,731.0"
55025001402,1,1,"5,373",3.2,"1,700.1"
55025001403,1,1,"7,672",4.3,"1,789.8"
55025001501,1,1,"1,999",0.4,"4,755.0"
55025001502,1,1,"5,399",3.7,"1,440.6"
55025001603,1,1,"3,414",0.1,"50,310.2"
55025001604,1,1,"5,053",0.1,"47,737.2"
55025001605,1,1,"2,389",0.1,"17,503.3"
55025001606,1,1,"5,463",0.2,"33,554.0"
55025001704,1,1,"3,434",0.2,"21,070.5"
55025001705,1,1,"4,073",0.3,"15,146.3"
55025001802,1,1,"2,784",0.3,"10,139.5"
55025001804,1,1,"3,326",0.3,"10,379.1"
55025001900,1,1,"6,114",0.8,"7,374.1"
55025002000,1,1,"5,875",1.0,"5,838.1"
55025002100,1,1,"4,850",1.2,"4,041.8"
55025002200,1,1,"4,254",0.7,"5,851.5"
55025002301,1,1,"2,994",0.9,"3,338.0"
55025002302,1,1,"1,810",1.3,"1,437.9"
55025002401,1,1,"3,417",0.7,"4,763.1"
55025002402,1,1,"3,407",0.9,"3,971.4"
55025002500,1,1,"1,735",4.3,404.8
55025002601,1,1,"1,809",0.6,"3,037.5"
55025002602,1,1,"5,576",2.3,"2,406.9"
55025002603,1,1,"5,249",2.4,"2,143.0"
55025002700,1,1,"3,166",1.2,"2,617.3"
55025002800,1,1,"2,233",0.7,"3,216.7"
55025002900,1,1,"3,175",1.3,"2,449.7"
55025003001,1,1,"5,134",1.5,"3,526.4"
55025003002,1,1,"3,732",0.7,"5,067.5"
55025003100,1,1,"6,422",3.9,"1,630.9"
55025003200,1,1,"2,778",0.9,"3,020.0"
55025010100,1,1,"1,538",0.7,"2,093.3"
55025010200,1,1,"1,268",0.7,"1,816.2"
55025010300,1,1,"3,404",0.9,"3,920.2"
55025010400,1,1,"3,299",0.8,"4,086.3"
55025010501,1,1,"2,817",3.5,814.5
55025010502,1,1,"7,766",7.1,"1,089.4"
55025010600,1,1,"5,141",26.7,192.5
55025010701,1,1,"5,952",3.9,"1,508.7"
55025010702,1,1,"6,290",23.4,268.8
55025010800,1,1,"10,625",6.5,"1,622.6"
55025010901,1,1,"5,652",6.4,884.0
55025010903,1,1,"2,541",3.7,678.4
55025010904,1,1,"8,075",44.3,182.2
55025011000,1,1,"4,172",1.1,"3,964.8"
55025011101,1,1,"4,573",1.2,"3,851.1"
55025011102,1,1,"8,031",7.8,"1,025.5"
55025011200,1,1,"8,440",39.7,212.4
55025011301,1,1,"6,317",8.0,790.6
55025011302,1,1,"3,015",2.6,"1,166.2"
55025011401,1,1,"6,647",8.6,773.8
55025011402,1,1,"9,048",16.6,546.0
55025011503,1,1,"8,527",5.7,"1,508.2"
55025011504,1,1,"3,770",2.0,"1,904.6"
55025011505,1,1,"4,264",1.0,"4,376.9"
55025011506,1,1,"4,785",2.2,"2,212.1"
55025011600,1,1,"6,257",9.1,690.1
55025011700,2,2,"3,900",55.7,70.0
55025011800,2,2,"5,890",70.8,83.2
55025011900,2,2,"6,701",71.7,93.5
55025012001,1,1,"8,321",9.0,926.4
55025012002,2,2,"4,804",58.5,82.1
55025012100,2,2,"2,637",58.2,45.3
55025012201,1,1,"2,001",3.9,511.5
55025012202,1,1,"6,774",2.0,"3,343.7"
55025012300,1,1,"5,304",8.6,619.7
55025012400,2,2,"4,805",56.5,85.0
55025012501,2,2,"6,551",10.0,651.9
55025012502,2,2,"5,166",11.4,455.0
55025012600,2,2,"4,389",107.2,40.9
55025012700,2,2,"3,867",89.4,43.3
55025012800,2,2,"7,688",18.4,417.9
55025012900,2,2,"3,746",92.7,40.4
55025013000,1,1,"4,220",13.9,303.6
55025013100,7,7.1,"4,563",49.4,92.3
55025013200,1,1,"8,573",92.9,92.3
55025013301,1,1,"4,432",6.3,702.5
55025013302,1,1,"5,620",3.1,"1,802.4"
55025013700,1,1,"4,644",7.4,628.1
55025991702,10,10,0,0.0,
55025991703,99,99,0,0.0,
55027960100,10,10,"6,008",57.6,104.2
55027960200,10,10,"3,171",122.8,25.8
55027960300,4,4,"8,003",5.2,"1,533.9"
55027960400,5,5,"4,351",80.8,53.9
55027960500,10,10,"3,885",34.1,113.9
55027960600,6,6,"3,988",66.7,59.8
55027960700,4,4,"4,606",2.4,"1,887.6"
55027960800,4,4,"3,537",1.0,"3,541.0"
55027960900,4,4,"4,167",1.6,"2,650.1"
55027961000,4,4,"4,473",1.1,"3,956.2"
55027961100,7,7,"4,550",47.6,95.5
55027961200,7,7,"3,342",9.2,363.3
55027961300,7,7,"5,345",6.0,887.9
55027961400,3,3,"4,020",84.7,47.5
55027961500,2,2,"5,220",71.8,72.7
55027961600,2,2,"4,412",67.8,65.0
55027961700,5,5,"3,058",80.7,37.9
55027961800,3,3,"4,412",130.3,33.9
55027961900,4,4,"5,784",3.6,"1,598.4"
55027962000,4,4,"2,427",0.5,"4,857.3"
55029100100,10,10,"2,212",75.7,29.2
55029100300,10,10,"2,384",44.3,53.8
55029100400,10,10,"2,559",67.8,37.8
55029100500,8,8,"3,287",79.5,41.4
55029100600,8,8,"3,337",95.5,35.0
55029100700,7,7,"4,707",7.1,665.0
55029100800,7,7,"5,263",18.0,293.0
55029100900,8,8,"1,852",39.9,46.4
55029101000,9,9,"2,184",54.3,40.2
55029990000,99,99,0,0.0,
55031020300,1,1,"2,870",0.9,"3,173.6"
55031020400,1,1,"3,189",1.4,"2,347.8"
55031020500,1,1,"3,090",0.8,"4,117.6"
55031020600,1,1,"4,438",0.9,"5,086.9"
55031020700,1,1,"4,147",10.9,378.9
55031020800,1,1,"3,477",9.3,375.7
55031020900,1,1,"2,396",2.1,"1,127.3"
55031021000,1,1,"1,955",17.2,113.6
55031021100,1,1,"2,257",2.8,794.6
55031030100,2,2,"6,247",280.8,22.2
55031030200,2,2,"5,027",200.1,25.1
55031030300,2,2,"5,066",776.9,6.5
55031990000,99,99,0,0.0,
55033970100,6,6,"3,879",248.2,15.6
55033970200,5,5,"4,737",124.3,38.1
55033970300,5,5,"5,625",84.5,66.6
55033970400,2,2,"6,094",180.9,33.7
55033970500,4,4,"6,373",15.4,413.8
55033970600,5,5,"4,128",178.1,23.2
55033970700,4,4,"6,833",14.6,468.4
55033970800,4,4,"6,188",4.1,"1,508.9"
55035000100,10,10.1,"4,817",186.1,25.9
55035000200,2,2,"4,806",179.7,26.7
55035000301,1,1,"3,629",29.8,121.7
55035000302,1,1,"6,638",54.3,122.3
55035000400,1,1,"7,259",5.9,"1,236.0"
55035000501,1,1,"4,864",2.5,"1,982.2"
55035000502,1,1,"4,676",3.3,"1,421.0"
55035000600,1,1,"5,107",1.8,"2,818.5"
55035000700,1,1,"4,999",1.4,"3,507.4"
55035000801,1,1,"3,544",1.0,"3,379.8"
55035000802,1,1,"3,801",1.9,"2,010.2"
55035000803,1,1,"5,737",2.5,"2,285.1"
55035000900,1,1,"4,815",2.7,"1,792.5"
55035001101,1,1,"1,939",0.4,"5,402.2"
55035001200,1,1,"5,424",1.5,"3,703.2"
55035001300,1,1,"5,131",5.2,983.6
55035001400,1,1,"6,896",2.6,"2,643.2"
55035001500,1,1,"3,288",27.7,118.6
55035001600,2,2,"5,449",126.7,43.0
55035001700,1,1,"5,917",1.0,"6,091.4"
55037190100,5,5,"2,603",205.8,12.6
55037190200,5,5,"1,820",282.3,6.4
55039040100,1,1,"4,237",1.0,"4,176.6"
55039040200,1,1,"3,021",0.9,"3,460.3"
55039040300,1,1,"5,619",1.5,"3,731.8"
55039040400,1,1,"2,849",0.8,"3,677.5"
55039040500,1,1,"3,875",0.7,"5,957.1"
55039040700,1,1,"4,263",18.3,233.2
55039040800,1,1,"4,571",0.6,"8,139.5"
55039040900,1,1,"3,263",0.7,"4,799.6"
55039041000,1,1,"2,814",0.9,"3,015.7"
55039041100,1,1,"9,745",8.8,"1,113.3"
55039041300,1,1,"6,573",6.8,970.4
55039041400,2,2,"5,893",120.1,49.1
55039041500,7,7,"3,096",20.6,150.5
55039041600,7,7,"6,037",15.2,397.1
55039041700,10,10,"3,986",108.6,36.7
55039041800,4,4,"4,851",36.0,134.6
55039041900,2,2,"7,180",144.0,49.9
55039042000,1,1,"8,718",60.9,143.2
55039042100,2,2,"4,927",101.7,48.5
55039042200,2,2,"6,115",71.6,85.4
55041950100,10,10,"1,260",503.2,2.5
55041950200,10,10,"2,806",285.9,9.8
55041950300,10,10,"2,608",118.2,22.1
55041950400,10,10,"2,630",106.7,24.7
55043960100,10,10,"3,656",140.8,26.0
55043960200,7,7,"4,376",37.5,116.6
55043960300,10,10,"4,116",97.4,42.3
55043960400,10,10,"3,509",199.9,17.5
55043960500,10,10,"3,864",219.7,17.6
55043960600,10,10,"3,784",191.5,19.8
55043960700,7,7,"4,075",8.6,474.2
55043960800,10,10,"3,037",97.8,31.1
55043960900,4,4,"4,245",11.6,364.4
55043961000,4,4,"7,749",6.8,"1,132.1"
55043961100,2,2,"4,462",72.7,61.3
55043961200,2,2,"4,335",62.4,69.5
55045960100,2,2,"6,379",114.4,55.8
55045960200,2,2,"5,684",140.3,40.5
55045960300,6,6,"4,828",122.7,39.4
55045960400,4,4,"4,380",6.3,697.0
55045960500,4,4,"3,950",5.3,749.7
55045960600,4,4,"3,282",4.4,749.8
55045960700,5,5,"3,997",164.7,24.3
55045960800,7,7,"4,342",25.9,167.4
55047100100,7,7,"3,208",11.9,270.5
55047100200,7,7,"2,996",4.6,648.9
55047100300,10,10,"3,039",107.2,28.4
55047100400,10,10,"2,837",40.8,69.5
55047100500,10,10,"3,073",83.3,36.9
55047100600,10,10,"3,898",101.7,38.3
55049950100,2,2,"3,753",185.8,20.2
55049950200,9,9,"3,147",163.9,19.2
55049950300,10,10,"3,248",151.8,21.4
55049950400,7,7,"5,288",26.0,203.3
55049950500,2,2,"4,755",174.4,27.3
55049950600,10,10,"3,496",60.7,57.6
55051180100,7,7,"2,514",11.7,214.4
55051180200,8,8,"1,493",410.7,3.6
55051180300,10,10,"1,909",335.8,5.7
55051990000,99,99,0,0.0,
55053960100,7,7,"3,987",451.5,8.8
55053960200,8,8,"3,293",102.1,32.3
55053960300,10,10,"4,077",222.1,18.4
55053960400,8,8,"4,268",200.9,21.2
55053960500,7,7,"4,824",11.1,433.1
55055100100,4,4,"5,794",6.7,867.0
55055100200,4,4,"3,660",0.6,"6,271.6"
55055100300,4,4,"6,312",5.3,"1,192.6"
55055100400,7,7,"5,816",80.7,72.1
55055100500,7,7,"6,350",9.2,687.9
55055100601,2,2,"1,535",25.5,60.2
55055100602,2,2,"3,299",41.8,78.9
55055100700,3,3,"4,630",45.8,101.1
55055100800,2,2,"4,006",55.8,71.8
55055100900,2,2,"3,868",77.7,49.8
55055101000,4,4,"3,881",5.9,659.0
55055101100,4,4,"4,477",4.8,929.8
55055101201,5,5,"2,190",38.6,56.8
55055101202,5,5,"1,612",16.5,98.0
55055101300,4,4,"5,795",6.8,851.2
55055101400,4,4,"3,453",2.5,"1,394.2"
55055101500,4,4,"3,959",2.9,"1,382.3"
55055101600,4,4,"6,925",60.8,113.9
55055101701,6,6,"1,385",30.3,45.6
55055101702,1,1,"4,739",38.4,123.5
55057100100,10,10,"2,874",263.8,10.9
55057100200,10,10,"3,669",143.2,25.6
55057100300,9,9,"3,246",65.1,49.9
55057100400,8,8,"5,169",77.9,66.4
55057100500,7,7,"4,286",8.1,528.6
55057100600,10,10,"3,383",59.3,57.1
55057100700,9,9,"4,037",149.5,27.0
55059000100,1,1.1,"5,770",4.7,"1,230.9"
55059000300,1,1.1,"4,973",1.0,"4,858.1"
55059000400,1,1.1,"3,620",0.8,"4,291.2"
55059000500,1,1.1,"5,267",1.1,"4,595.3"
55059000601,1,1,"6,602",26.8,246.4
55059000602,1,1.1,"7,910",3.1,"2,574.2"
55059000700,1,1.1,"5,530",1.8,"3,058.2"
55059000800,1,1.1,"2,704",0.5,"5,403.4"
55059000900,1,1.1,"4,251",0.5,"7,976.5"
55059001000,1,1.1,"2,313",0.5,"4,641.9"
55059001100,1,1.1,"3,219",0.3,"9,604.5"
55059001200,1,1.1,"4,078",0.7,"5,906.2"
55059001300,1,1.1,"4,136",0.7,"5,758.5"
55059001400,1,1.1,"7,144",1.4,"4,979.7"
55059001500,1,1.1,"3,738",0.5,"6,852.1"
55059001600,1,1.1,"3,436",0.4,"9,353.6"
55059001700,1,1.1,"2,665",0.4,"6,324.0"
55059001800,1,1.1,"2,298",0.4,"5,825.9"
55059001900,1,1.1,"2,351",0.6,"4,184.2"
55059002000,1,1,"5,870",7.6,776.7
55059002100,1,1.1,"5,246",0.9,"5,740.7"
55059002200,1,1.1,"3,562",0.6,"6,187.1"
55059002300,1,1.1,"5,955",1.8,"3,377.2"
55059002400,1,1.1,"4,720",1.5,"3,138.9"
55059002500,1,1.1,"3,478",2.2,"1,567.4"
55059002601,1,1.1,"8,493",3.5,"2,438.9"
55059002602,1,1,"8,602",21.2,405.6
55059002700,2,2,"5,517",35.9,153.5
55059002800,3,3,"6,335",95.6,66.3
55059002903,2,2,"3,210",7.8,410.3
55059002904,2,2,"5,500",13.5,406.1
55059002905,2,2,"3,874",3.9,982.7
55059002906,2,2,"4,884",8.0,613.5
55059003001,2,2,"4,312",7.3,590.3
55059003002,2,2,"4,863",14.3,339.8
55059990000,99,99,0,0.0,
55061960100,7,7,"3,162",3.1,"1,026.0"
55061960200,8,8,"2,647",82.9,31.9
55061960400,2,2,"8,589",150.3,57.2
55061960500,7,7,"6,176",106.2,58.1
55061990000,99,99,0,0.0,
55063000100,1,1,"4,712",2.7,"1,719.2"
55063000200,1,1,"5,077",2.3,"2,247.8"
55063000300,1,1,"2,292",1.8,"1,250.3"
55063000400,1,1,"5,498",0.7,"8,311.1"
55063000500,1,1,"4,773",1.2,"3,822.5"
55063000600,1,1,"2,142",1.8,"1,178.6"
55063000700,1,1,"4,430",2.6,"1,714.6"
55063000800,1,1,"3,049",0.4,"7,014.1"
55063000900,1,1,"3,742",1.2,"2,996.4"
55063001000,1,1,"3,790",0.6,"6,476.5"
55063001101,1,1,"2,131",0.6,"3,456.6"
55063001102,1,1,"3,910",1.1,"3,675.7"
55063001200,1,1,"4,172",0.9,"4,519.8"
55063010101,2,2,"5,566",132.0,42.2
55063010102,1,1,"4,598",3.7,"1,254.9"
55063010201,1,1,"9,503",66.4,143.1
55063010202,1,1,"6,688",29.6,226.1
55063010203,1,1,"1,887",4.7,397.8
55063010300,1,1,"4,488",4.4,"1,022.7"
55063010401,1,1,"5,214",21.8,238.9
55063010402,1,1,"9,163",3.2,"2,907.0"
55063010500,1,1,"5,761",4.5,"1,286.6"
55063010600,2,2,"3,266",24.2,134.8
55063010700,1,1,"5,484",26.7,205.4
55063010800,2,2,"3,302",112.5,29.4
55065970100,3,3,"3,035",115.1,26.4
55065970200,10,10,"3,895",99.4,39.2
55065970300,10,10,"3,433",141.5,24.3
55065970400,3,3,"3,196",76.1,42.0
55065970500,10,10,"3,277",201.5,16.3
55067960100,8,8,"2,703",266.6,10.1
55067960300,8,8,"2,620",201.7,13.0
55067960400,8,8,"3,930",133.1,29.5
55067960500,8,8,"1,880",258.8,7.3
55067960600,7,7,"4,718",4.6,"1,035.5"
55067960700,7,7,"4,126",5.8,710.3
55069960100,8,8,"2,286",100.4,22.8
55069960200,7,7,"2,623",6.1,428.4
55069960300,8,8,"1,775",100.9,17.6
55069960400,5,5,"1,929",304.7,6.3
55069960500,7,7,"1,832",93.7,19.5
55069960600,5,5,"4,446",151.3,29.4
55069960700,5,5,"3,907",110.6,35.3
55069960800,4,4,"3,439",5.1,672.4
55069960900,4,4,"2,898",1.0,"2,846.7"
55069961000,4,4,"3,608",5.0,720.4
55071000100,4,4,"5,236",7.5,696.8
55071000200,4,4,"2,404",2.7,878.7
55071000300,4,4,"5,615",8.7,645.0
55071000400,4,4,"4,176",1.0,"4,187.5"
55071000500,4,4,"2,850",0.7,"4,043.8"
55071000600,4,4,"5,369",6.9,783.2
55071000700,4,4,"5,901",3.3,"1,810.4"
55071000800,4,4,"4,046",1.5,"2,629.9"
55071005100,4,4,"2,430",2.9,831.9
55071005200,4,4,"4,551",3.9,"1,171.6"
55071005300,4,4,"2,071",0.4,"4,715.9"
55071005400,4,4,"3,116",4.7,666.4
55071010100,5,5,"4,507",69.8,64.6
55071010200,5,5,"5,891",110.9,53.1
55071010300,6,6,"4,493",106.9,42.0
55071010400,5,5,"6,182",107.6,57.5
55071010500,5,5,"3,636",52.7,69.0
55071010600,2,2,"5,103",88.3,57.8
55071010700,7,7,"3,865",8.6,447.6
55071990000,99,99,0,0.0,
55073000100,1,1,"3,138",0.7,"4,629.4"
55073000200,1,1,"2,932",1.2,"2,514.2"
55073000300,1,1,"5,188",5.0,"1,041.4"
55073000400,1,1,"6,150",2.6,"2,393.2"
55073000500,1,1,"2,970",0.7,"3,985.6"
55073000601,1,1,"2,066",1.0,"2,081.7"
55073000602,1,1,"4,083",1.0,"4,133.5"
55073000700,1,1,"5,382",3.3,"1,653.3"
55073000800,1,1,"3,463",1.7,"2,079.3"
55073000900,1,1,"2,240",1.5,"1,486.2"
55073001000,1,1,"3,626",2.7,"1,339.1"
55073001102,1,1,"7,996",55.3,144.6
55073001103,1,1,"5,083",3.8,"1,327.4"
55073001104,1,1,"5,926",4.2,"1,400.6"
55073001201,1,1,"8,096",58.2,139.1
55073001202,1,1,"5,321",38.6,137.9
55073001300,1,1,"6,811",24.7,275.5
55073001400,1,1,"6,635",41.2,161.1
55073001500,2,2,"4,134",87.8,47.1
55073001600,2,2,"6,057",236.7,25.6
55073001700,2,2,"3,696",155.8,23.7
55073001800,2,2,"5,449",193.6,28.2
55073001900,2,2,"5,933",102.4,58.0
55073002000,5,5,"3,839",68.2,56.3
55073002100,5,5,"7,190",104.3,68.9
55073002200,7,7,"3,490",104.6,33.4
55073002300,2,2,"7,169",244.4,29.3
55075960100,4,4,"3,038",119.8,25.4
55075960200,10,10,"4,232",536.7,7.9
55075960600,10,10,"2,428",131.4,18.5
55075960700,10,10,"2,847",182.9,15.6
55075960800,10,10,"2,490",60.4,41.2
55075960900,5,5,"2,758",114.6,24.1
55075961000,10,10,"4,131",131.6,31.4
55075961100,5,5,"5,461",60.7,89.9
55075961200,5,5,"2,822",47.9,59.0
55075961300,4,4,"3,080",6.2,493.3
55075961400,4,4,"4,528",5.0,912.7
55075961500,4,4,"3,934",2.2,"1,780.3"
55075990000,99,99,0,0.0,
55077960100,10,10,"2,823",126.2,22.4
55077960200,10,10,"2,493",104.0,24.0
55077960300,10,10,"3,831",82.8,46.3
55077960400,5,5,"2,602",74.8,34.8
55077960500,10,10,"3,655",67.9,53.9
55078940101,10,10,"1,375",23.0,59.8
55078940102,10,10,"2,857",334.6,8.5
55079000101,1,1,"4,822",1.5,"3,277.6"
55079000102,1,1,"3,507",2.5,"1,398.1"
55079000201,1,1,"5,450",3.1,"1,784.8"
55079000202,1,1,"6,101",3.0,"2,003.7"
55079000301,1,1,"1,483",0.8,"1,910.5"
55079000302,1,1,"3,028",0.7,"4,344.8"
55079000303,1,1,"1,873",0.6,"3,053.5"
55079000304,1,1,"3,382",1.3,"2,601.8"
55079000400,1,1,"2,439",0.9,"2,622.6"
55079000501,1,1,"3,450",1.6,"2,205.9"
55079000502,1,1,"4,878",0.7,"7,084.6"
55079000600,1,1,"6,290",1.5,"4,184.9"
55079000700,1,1,"3,580",1.5,"2,369.3"
55079000800,1,1,"5,129",1.2,"4,374.1"
55079000900,1,1,"3,694",1.3,"2,753.5"
55079001000,1,1,"3,654",0.6,"6,154.6"
55079001100,1,1,"2,800",1.2,"2,285.2"
55079001200,1,1,"2,985",0.5,"6,308.3"
55079001300,1,1,"3,733",0.8,"4,893.9"
55079001400,1,1,"2,595",0.4,"6,048.7"
55079001500,1,1,"3,173",0.6,"5,534.9"
55079001600,1,1,"2,990",0.5,"5,875.0"
55079001700,1,1,"4,458",0.5,"8,719.4"
55079001800,1,1,"3,153",0.4,"8,289.7"
55079001900,1,1,"3,518",0.4,"9,304.3"
55079002000,1,1,"2,470",0.4,"6,026.5"
55079002100,1,1,"2,474",0.3,"7,134.1"
55079002200,1,1,"1,790",0.4,"4,052.0"
55079002300,1,1,"4,406",0.7,"6,197.9"
55079002400,1,1,"2,244",0.4,"5,010.6"
55079002500,1,1,"2,195",0.2,"10,288.4"
55079002600,1,1,"2,829",0.3,"10,484.7"
55079002700,1,1,"1,995",0.3,"7,527.9"
55079002800,1,1,"2,252",0.3,"8,872.3"
55079002900,1,1,"2,179",0.3,"8,595.7"
55079003000,1,1,"3,782",0.5,"7,463.9"
55079003100,1,1,"3,572",0.5,"7,379.9"
55079003200,1,1,"2,819",0.3,"8,979.5"
55079003300,1,1,"5,182",0.6,"9,112.8"
55079003400,1,1,"5,533",0.8,"7,013.4"
55079003500,1,1,"3,410",0.5,"7,543.8"
55079003600,1,1,"1,893",0.4,"4,859.6"
55079003700,1,1,"2,315",0.2,"9,464.5"
55079003800,1,1,"2,196",0.3,"8,635.5"
55079003900,1,1,"2,630",0.3,"10,261.5"
55079004000,1,1,"2,662",0.2,"10,705.4"
55079004100,1,1,"2,565",0.6,"4,607.1"
55079004200,1,1,"3,047",0.3,"11,441.6"
55079004300,1,1,"5,349",0.8,"6,926.9"
55079004400,1,1,"3,333",0.9,"3,848.1"
55079004500,1,1,"2,478",0.3,"9,344.6"
55079004600,1,1,"2,984",0.3,"11,305.7"
55079004700,1,1,"4,021",0.6,"7,254.9"
55079004800,1,1,"4,002",0.4,"10,420.4"
55079004900,1,1,"4,506",0.4,"11,812.4"
55079005000,1,1,"4,707",0.4,"10,687.1"
55079005100,1,1,"3,401",0.9,"3,644.1"
55079005200,1,1,"1,657",0.3,"6,306.0"
55079005300,1,1,"1,920",0.3,"7,414.2"
55079005400,1,1,"3,690",0.5,"7,133.8"
55079005500,1,1,"3,318",0.5,"6,681.0"
55079005600,1,1,"2,198",0.5,"4,535.5"
55079005700,1,1,"2,371",0.3,"7,652.1"
55079005800,1,1,"3,430",0.4,"8,755.5"
55079005900,1,1,"3,614",0.3,"11,088.0"
55079006000,1,1,"2,658",0.2,"16,617.7"
55079006100,1,1,"2,320",0.2,"11,544.5"
55079006200,1,1,"2,923",0.2,"16,105.2"
55079006300,1,1,"2,462",0.3,"7,324.1"
55079006400,1,1,"2,510",0.2,"13,308.3"
55079006500,1,1,"2,628",0.2,"13,562.2"
55079006600,1,1,"3,053",0.4,"8,373.7"
55079006700,1,1,"1,492",0.2,"9,138.9"
55079006800,1,1,"2,813",0.2,"12,587.1"
55079006900,1,1,"2,585",0.2,"13,300.4"
55079007000,1,1,"3,020",0.3,"11,789.5"
55079007100,1,1,"1,912",0.1,"13,470.5"
55079007200,1,1,"2,791",0.3,"8,884.2"
55079007300,1,1,"2,477",0.3,"9,698.1"
55079007400,1,1,"4,122",0.4,"11,689.6"
55079007500,1,1,"2,706",0.3,"10,144.4"
55079007600,1,1,"3,275",0.2,"14,649.0"
55079007700,1,1,"3,807",0.3,"14,628.9"
55079007800,1,1,"3,446",0.2,"13,961.7"
55079007900,1,1,"2,224",0.2,"11,224.4"
55079008000,1,1,"1,951",0.1,"15,499.1"
55079008100,1,1,"1,331",0.1,"12,361.1"
55079008400,1,1,"1,315",0.2,"7,458.5"
55079008500,1,1,"1,309",0.2,"8,500.1"
55079008600,1,1,"1,500",0.1,"12,861.6"
55079008700,1,1,"1,410",0.1,"11,091.9"
55079008800,1,1,"2,121",0.2,"11,203.4"
55079008900,1,1,"1,462",0.2,"6,343.8"
55079009000,1,1,"2,544",0.2,"13,097.8"
55079009100,1,1,"2,425",0.2,"12,346.6"
55079009200,1,1,"1,901",0.2,"12,070.6"
55079009300,1,1,"2,535",0.2,"11,508.0"
55079009400,1,1,"2,423",0.2,"10,387.4"
55079009500,1,1,"2,121",0.2,"10,613.9"
55079009600,1,1,"2,317",0.4,"6,053.9"
55079009700,1,1,"1,939",0.2,"11,254.5"
55079009800,1,1,"1,433",0.2,"8,432.0"
55079009900,1,1,"1,458",0.2,"7,314.1"
55079010600,1,1,"1,192",0.1,"10,617.1"
55079010700,1,1,"2,208",0.2,"10,114.2"
55079010800,1,1,"2,469",0.1,"19,717.3"
55079011000,1,1,"3,428",0.1,"31,919.9"
55079011100,1,1,"1,481",0.1,"15,470.9"
55079011200,1,1,"2,219",0.1,"15,785.4"
55079011300,1,1,"1,829",0.2,"10,923.7"
55079011400,1,1,"1,137",0.2,"5,749.5"
55079012200,1,1,"2,557",0.2,"13,284.0"
55079012300,1,1,"1,122",0.3,"3,778.0"
55079012400,1,1,"2,592",0.5,"5,113.5"
55079012500,1,1,"2,014",0.7,"2,865.9"
55079012600,1,1,"2,169",0.3,"7,143.9"
55079012700,1,1,"1,189",0.4,"3,035.7"
55079012800,1,1,"2,958",1.1,"2,811.0"
55079012900,1,1,"2,942",0.4,"7,413.6"
55079013000,1,1,"1,800",0.3,"7,160.8"
55079013300,1,1,"1,066",0.2,"4,630.1"
55079013400,1,1,"2,335",0.2,"11,265.0"
55079013500,1,1,"1,911",0.1,"19,536.6"
55079013600,1,1,"2,489",0.2,"16,491.4"
55079013700,1,1,"1,578",0.1,"12,954.4"
55079014100,1,1,"1,551",0.3,"6,040.3"
55079014300,1,1,"2,297",0.1,"23,806.0"
55079014400,1,1,"2,612",0.2,"12,091.9"
55079014600,1,1,"3,946",0.2,"25,271.2"
55079014700,1,1,"3,291",0.1,"31,627.6"
55079014800,1,1,"2,403",0.1,"18,186.9"
55079014900,1,1,"1,483",0.1,"10,770.2"
55079015700,1,1,"3,231",0.2,"17,196.9"
55079015800,1,1,"3,058",0.2,"18,477.7"
55079015900,1,1,"3,819",0.2,"20,977.6"
55079016000,1,1,"3,310",0.2,"21,676.0"
55079016100,1,1,"3,574",0.2,"15,504.4"
55079016200,1,1,"3,366",0.2,"18,793.7"
55079016300,1,1,"5,124",0.2,"23,649.5"
55079016400,1,1,"4,948",0.2,"27,544.8"
55079016500,1,1,"2,695",0.4,"6,559.8"
55079016600,1,1,"2,313",0.2,"9,954.6"
55079016700,1,1,"3,355",0.2,"17,873.0"
55079016800,1,1,"3,450",0.2,"16,982.1"
55079016900,1,1,"4,130",0.2,"22,395.9"
55079017000,1,1,"6,112",0.3,"22,433.1"
55079017100,1,1,"2,937",0.2,"11,775.3"
55079017200,1,1,"2,509",0.2,"13,868.7"
55079017300,1,1,"3,894",0.2,"19,792.7"
55079017400,1,1,"2,953",0.1,"23,422.1"
55079017500,1,1,"4,185",0.2,"22,182.4"
55079017600,1,1,"3,195",0.2,"17,547.1"
55079017900,1,1,"3,003",0.2,"12,686.6"
55079018000,1,1,"2,749",1.1,"2,522.1"
55079018100,1,1,"1,637",0.2,"7,378.4"
55079018200,1,1,"1,608",0.2,"7,452.5"
55079018300,1,1,"2,344",0.3,"9,035.5"
55079018400,1,1,"1,404",0.3,"5,087.9"
55079018500,1,1,"1,633",0.7,"2,254.4"
55079018600,1,1,"3,000",0.2,"16,243.5"
55079018700,1,1,"3,876",0.2,"20,501.6"
55079018800,1,1,"2,066",0.4,"5,693.6"
55079018900,1,1,"1,635",0.2,"6,926.4"
55079019000,1,1,"4,545",1.0,"4,772.4"
55079019100,1,1,"3,584",0.6,"5,948.1"
55079019200,1,1,"3,186",0.6,"5,779.1"
55079019300,1,1,"2,557",0.3,"7,516.6"
55079019400,1,1,"3,732",0.5,"7,420.8"
55079019500,1,1,"3,350",0.5,"6,619.5"
55079019600,1,1,"3,616",0.5,"7,186.7"
55079019700,1,1,"5,344",0.7,"7,350.1"
55079019800,1,1,"4,913",0.8,"6,176.1"
55079019900,1,1,"3,479",0.6,"5,925.5"
55079020000,1,1,"3,411",0.5,"6,391.3"
55079020100,1,1,"3,529",0.7,"4,778.8"
55079020200,1,1,"3,024",0.4,"8,175.4"
55079020300,1,1,"3,773",0.6,"6,734.9"
55079020400,1,1,"3,216",0.2,"17,030.1"
55079020500,1,1,"2,921",0.2,"15,838.1"
55079020600,1,1,"3,525",0.5,"6,883.4"
55079020700,1,1,"4,311",0.7,"6,285.5"
55079020800,1,1,"3,009",0.4,"8,506.5"
55079020900,1,1,"2,553",0.4,"6,535.8"
55079021000,1,1,"2,189",0.5,"4,347.8"
55079021100,1,1,"1,364",0.2,"5,499.7"
55079021200,1,1,"2,097",0.7,"2,803.4"
55079021300,1,1,"1,631",0.5,"3,412.2"
55079021400,1,1,"3,288",0.5,"6,637.0"
55079021500,1,1,"2,824",0.5,"5,665.4"
55079021600,1,1,"4,365",1.4,"3,055.4"
55079021700,1,1,"6,142",4.9,"1,253.1"
55079021800,1,1,"2,223",0.3,"6,533.4"
55079030100,1,1,"4,300",2.3,"1,867.2"
55079035100,1,1,"2,257",1.4,"1,641.1"
55079035200,1,1,"4,435",1.5,"2,918.6"
55079040100,1,1,"1,597",5.1,311.3
55079050101,1,1,"5,990",1.9,"3,160.4"
55079050102,1,1,"6,009",2.5,"2,402.8"
55079060101,1,1,"4,038",1.7,"2,435.7"
55079060102,1,1,"3,138",1.2,"2,660.3"
55079060200,1,1,"5,705",2.9,"1,948.1"
55079070100,1,1,"4,373",0.6,"6,932.5"
55079070200,1,1,"5,172",1.0,"5,179.2"
55079070300,1,1,"4,541",0.5,"9,207.9"
55079080100,1,1,"2,680",0.4,"6,942.3"
55079080200,1,1,"3,368",0.3,"9,903.0"
55079080300,1,1,"3,884",0.6,"6,733.5"
55079080400,1,1,"3,254",0.3,"11,239.1"
55079090100,1,1,"4,558",1.8,"2,603.0"
55079090200,1,1,"1,800",1.5,"1,222.6"
55079090300,1,1,"3,297",1.6,"2,120.2"
55079090600,1,1,"4,642",1.2,"3,896.6"
55079090700,1,1,"3,159",0.7,"4,569.9"
55079090800,1,1,"2,363",0.3,"7,841.8"
55079090900,1,1,"3,837",0.5,"8,114.9"
55079091000,1,1,"4,438",0.4,"10,356.8"
55079091100,1,1,"4,250",0.7,"6,393.1"
55079091200,1,1,"4,699",0.9,"5,131.2"
55079091300,1,1,"3,737",0.7,"5,643.8"
55079091400,1,1,"2,195",0.3,"7,039.1"
55079100100,1,1,"3,693",0.3,"11,055.6"
55079100200,1,1,"3,724",0.8,"4,873.0"
55079100300,1,1,"3,067",0.3,"10,170.0"
55079100400,1,1,"2,801",0.5,"5,229.1"
55079100500,1,1,"3,557",0.4,"8,082.3"
55079100600,1,1,"2,103",0.3,"7,826.1"
55079100700,1,1,"2,834",0.7,"4,318.2"
55079100800,1,1,"2,975",1.0,"2,956.2"
55079100900,1,1,"3,662",1.5,"2,521.5"
55079101000,1,1,"5,121",1.6,"3,180.8"
55079101100,1,1,"1,812",0.5,"3,516.9"
55079101200,1,1,"3,240",0.5,"6,213.6"
55079101300,1,1,"3,142",0.5,"5,970.4"
55079101400,1,1,"3,660",0.5,"7,012.2"
55079101500,1,1,"4,420",0.4,"10,923.6"
55079101600,1,1,"4,582",0.6,"8,165.3"
55079101700,1,1,"3,369",0.4,"9,356.0"
55079101800,1,1,"2,649",0.6,"4,550.1"
55079110100,1,1,"4,305",1.1,"3,780.1"
55079120101,1,1,"3,953",2.0,"1,929.1"
55079120102,1,1,"3,891",2.0,"1,933.7"
55079120201,1,1,"3,606",0.7,"4,974.3"
55079120202,1,1,"3,173",0.7,"4,475.3"
55079120203,1,1,"3,529",1.2,"2,848.5"
55079120300,1,1,"1,987",0.3,"5,823.6"
55079120400,1,1,"7,312",1.9,"3,937.0"
55079120501,1,1,"3,960",1.0,"3,942.9"
55079120502,1,1,"5,246",1.6,"3,352.6"
55079130100,1,1,"4,869",2.1,"2,269.9"
55079130200,1,1,"2,822",1.1,"2,663.8"
55079140100,1,1,"2,999",2.2,"1,365.7"
55079140201,1,1,"5,235",1.8,"2,927.5"
55079140202,1,1,"5,812",1.6,"3,682.4"
55079150100,1,1,"8,972",5.2,"1,739.7"
55079150301,1,1,"5,906",6.2,959.0
55079150303,1,1,"4,856",2.6,"1,892.6"
55079150304,1,1,"4,041",2.7,"1,508.6"
55079160100,1,1,"6,528",6.6,989.3
55079160202,1,1,"7,310",4.4,"1,654.3"
55079160203,1,1,"6,069",3.5,"1,735.4"
55079160204,1,1,"4,962",2.0,"2,516.3"
55079160300,1,1,"9,582",12.0,797.6
55079170100,1,1,"2,689",1.4,"1,948.4"
55079170200,1,1,"3,869",0.9,"4,360.3"
55079170300,1,1,"2,662",0.5,"5,374.0"
55079170400,1,1,"3,362",0.6,"5,577.8"
55079170500,1,1,"2,471",0.3,"7,247.5"
55079170600,1,1,"3,384",0.6,"5,887.9"
55079170700,1,1,"2,719",0.5,"5,255.4"
55079180100,1,1,"3,029",1.0,"2,968.8"
55079180200,1,1,"4,536",0.4,"10,337.0"
55079180300,1,1,"3,371",1.5,"2,301.1"
55079180400,1,1,"2,735",0.6,"4,247.6"
55079180500,1,1,"4,596",1.2,"3,840.9"
55079185100,1,1,"4,210",1.4,"3,054.2"
55079185200,1,1,"5,149",1.2,"4,445.5"
55079185300,1,1,"3,438",2.8,"1,218.7"
55079185400,1,1,"1,639",0.3,"5,955.0"
55079185500,1,1,"1,709",0.3,"5,007.9"
55079185600,1,1,"1,776",0.3,"6,803.6"
55079185700,1,1,"2,124",0.3,"8,220.6"
55079185800,1,1,"1,606",0.2,"9,471.9"
55079185900,1,1,"1,213",0.2,"6,512.6"
55079186000,1,1,"1,451",0.2,"6,451.7"
55079186100,1,1,"2,275",0.2,"11,676.0"
55079186200,1,1,"1,422",0.2,"6,931.3"
55079186300,1,1,"3,268",0.5,"7,019.8"
55079186400,1,1,"1,643",0.3,"5,516.2"
55079186500,1,1,"1,667",0.5,"3,541.8"
55079186600,1,1,"2,152",0.4,"5,588.5"
55079186800,1,1,"1,614",2.2,732.8
55079186900,1,1,"2,213",0.2,"13,352.5"
55079187000,1,1,"3,288",0.1,"23,684.9"
55079187200,1,1,"5,384",15.0,358.6
55079187300,1,1,"6,293",3.0,"2,089.3"
55079187400,1,1,"2,341",0.6,"3,825.7"
55079980000,10,10,0,0.7,0.0
55079990000,99,99,0,0.0,
55081950100,8,8,"4,563",141.0,32.4
55081950200,10,10,"4,892",263.6,18.6
55081950300,7,7,"6,117",11.7,524.2
55081950400,7,7,"4,610",5.2,879.2
55081950500,7,7,"5,769",10.8,533.1
55081950600,7,7,"4,321",6.3,684.4
55081950700,8,8,"4,511",151.9,29.7
55081950800,10,10,"4,421",159.7,27.7
55081950900,10,10,"5,469",150.5,36.3
55083100300,10,10,"2,756",233.1,11.8
55083100500,3,3,"2,218",172.4,12.9
55083100600,10,10,"2,828",110.8,25.5
55083100700,10,10,"2,963",64.3,46.1
55083100800,10,10,"2,507",81.3,30.9
55083100900,7,7,"2,924",47.4,61.7
55083101000,7,7,"3,939",46.4,84.9
55083101100,2,2,"4,588",97.6,47.0
55083101200,7,7,"4,152",34.7,119.7
55083101300,2,2,"8,785",110.0,79.9
55083990000,99,99,0,0.0,
55085970101,10,10,"1,554",52.1,29.8
55085970102,8,8,"3,629",323.6,11.2
55085970400,8,8,"3,026",33.1,91.4
55085970500,8,8,"1,761",30.0,58.8
55085970601,8,8,"1,927",24.7,77.9
55085970602,8,8,"3,661",139.0,26.3
55085970800,10,10,"2,390",31.4,76.1
55085970900,10,10,"2,363",72.3,32.7
55085971001,9,9,"1,181",193.1,6.1
55085971002,10,10,"2,337",131.4,17.8
55085971100,8,8,"2,006",61.6,32.5
55085971300,10,10,"1,875",10.2,184.6
55085971400,7,7,"3,668",3.7,997.0
55085971500,7,7,"4,620",6.8,683.9
55087010100,1,1,"2,762",0.6,"5,010.4"
55087010200,1,1,"4,048",0.8,"5,221.3"
55087010300,1,1,"2,391",0.3,"8,503.7"
55087010500,1,1,"4,451",0.9,"5,062.0"
55087010601,1,1,"3,629",1.1,"3,314.4"
55087010602,1,1,"3,971",1.0,"3,976.6"
55087010700,1,1,"4,339",1.4,"3,086.4"
55087010800,1,1,"1,557",0.5,"3,164.2"
55087010900,1,1,"2,134",0.6,"3,292.5"
55087011000,1,1,"5,665",2.3,"2,507.4"
55087011101,1,1,"4,971",1.3,"3,874.4"
55087011102,1,1,"7,305",3.8,"1,936.5"
55087011200,1,1,"2,912",0.5,"5,624.1"
55087011300,1,1,"3,008",0.5,"5,815.1"
55087011400,1,1,"5,306",1.2,"4,252.5"
55087011501,1,1,"3,353",0.7,"4,777.3"
55087011502,1,1,"4,496",3.9,"1,164.5"
55087011600,1,1,"6,552",3.0,"2,180.6"
55087011700,1,1,"2,605",0.6,"4,062.3"
55087011800,1,1,"1,832",0.4,"4,269.4"
55087011900,1,1,"7,952",3.2,"2,472.6"
55087012000,1,1,"6,543",3.1,"2,086.6"
55087012100,1,1,"7,690",4.6,"1,673.3"
55087012200,1,1,"1,952",0.5,"4,287.9"
55087012300,1,1,"1,647",0.6,"2,644.0"
55087012400,1,1,"2,654",1.8,"1,477.4"
55087012503,1,1,"3,654",2.1,"1,775.1"
55087012504,1,1,"3,031",4.4,692.7
55087012505,1,1,"3,094",9.8,315.5
55087012506,1,1,"4,078",4.5,915.4
55087012601,1,1,"8,333",19.3,432.6
55087012602,2,2,"4,707",46.8,100.5
55087012700,2,2,"6,282",52.8,119.0
55087012800,2,2,"7,399",105.5,70.2
55087012901,2,2,"5,975",35.9,166.7
55087012902,2,2,"3,425",35.6,96.2
55087013100,2,2,"5,814",49.9,116.4
55087013200,3,3,"3,949",131.1,30.1
55087013300,1,1,"6,551",40.0,163.8
55087940000,2,2,"4,678",60.9,76.9
55089610101,2,2,"4,331",36.2,119.7
55089610102,2,2,"3,660",37.7,97.1
55089620100,1,1,"6,079",35.7,170.1
55089630100,1,1,"2,655",0.9,"2,886.3"
55089630201,1,1,"4,743",16.6,286.4
55089630202,1,1,"5,202",5.1,"1,027.3"
55089640100,1,1,"5,700",2.8,"2,036.9"
55089640200,1,1,"7,790",21.4,364.8
55089650101,1,1,"6,516",3.0,"2,187.8"
55089650102,1,1,"2,761",1.0,"2,884.5"
55089650200,1,1,"5,038",2.1,"2,371.4"
55089650300,2,2,"5,371",23.2,231.0
55089660100,1,1,"3,235",1.1,"2,982.0"
55089660201,1,1,"3,954",18.0,219.4
55089660202,1,1,"5,678",14.8,383.8
55089660301,1,1,"5,699",6.1,941.3
55089660303,1,1,"4,822",5.0,961.7
55089660304,1,1,"3,161",2.5,"1,260.7"
55089990000,99,99,0,0.0,
55091950100,10,10,"4,051",92.0,44.0
55091950200,10,10,"3,418",139.9,24.4
55093960100,10,10,"2,843",65.9,43.1
55093960200,3,3,"5,996",121.5,49.4
55093960300,4,4.1,"5,667",2.9,"1,974.6"
55093960400,4,4.1,"5,192",2.2,"2,361.9"
55093960500,2,2,"7,892",58.3,135.3
55093960600,5,5,"4,857",102.0,47.6
55093960700,7,7,"4,874",45.1,108.1
55093960800,10,10,"3,698",175.8,21.0
55095960100,10,10,"3,722",172.1,21.6
55095960200,10,10,"3,796",131.2,28.9
55095960300,10,10,"5,236",156.2,33.5
55095960500,9,9,"2,951",85.7,34.4
55095960600,10,10,"2,344",29.6,79.1
55095960700,10,10,"5,803",49.3,117.8
55095960800,7,7,"6,465",68.3,94.7
55095960900,3,3,"5,215",98.8,52.8
55095961000,7,7,"4,766",37.4,127.4
55095961100,10,10,"3,907",85.4,45.7
55097960100,5,5,"4,495",145.0,31.0
55097960200,5,5,"4,540",167.3,27.1
55097960300,4,4,"3,918",2.5,"1,582.8"
55097960400,4,4,"7,212",2.5,"2,933.2"
55097960500,4,4,"6,987",27.5,253.9
55097960600,5,5,"5,249",86.5,60.6
55097960701,4,4,"5,385",9.3,581.9
55097960702,4,4,"3,360",6.1,547.1
55097960800,4,4,"5,312",2.4,"2,180.0"
55097960900,4,4,"3,420",0.8,"4,452.5"
55097961000,4,4,"2,753",0.6,"4,988.0"
55097961100,4,4,"6,321",36.1,175.2
55097961200,4,4,"6,036",139.8,43.2
55097961300,5,5,"5,031",174.4,28.8
55099970100,10,10,"2,664",423.5,6.3
55099970200,10,10,"2,740",17.0,161.6
55099970400,10,10,"1,861",195.8,9.5
55099970500,10,10,"2,112",72.6,29.1
55099970600,10,10,"2,268",288.7,7.9
55099970700,10,10,"2,514",256.8,9.8
55101000100,1,1,918,0.2,"4,575.4"
55101000200,1,1,"5,962",0.6,"9,432.5"
55101000300,1,1,"3,648",0.5,"6,717.2"
55101000400,1,1,"3,924",0.7,"5,761.4"
55101000500,1,1,"5,269",0.7,"7,624.3"
55101000600,1,1,"5,515",0.9,"6,069.6"
55101000700,1,1,"5,608",0.9,"6,177.3"
55101000800,1,1,"4,531",2.3,"1,993.0"
55101000901,1,1,"3,783",1.3,"2,835.4"
55101000903,1,1,"4,093",1.7,"2,340.6"
55101000904,1,1,"5,392",2.2,"2,414.8"
55101001001,1,1,"2,705",0.6,"4,780.3"
55101001002,1,1,"2,635",0.4,"6,072.1"
55101001003,1,1,"3,800",0.4,"9,439.2"
55101001100,1,1,"6,192",1.5,"4,270.3"
55101001201,1,1,"3,744",2.3,"1,644.4"
55101001202,1,1,"6,512",2.0,"3,289.1"
55101001301,1,1,"3,609",0.4,"8,494.5"
55101001302,1,1,"3,997",0.5,"7,292.3"
55101001400,1,1,"6,732",1.3,"5,082.8"
55101001501,1,1,"3,779",3.4,"1,109.3"
55101001502,1,1,"7,094",5.1,"1,402.2"
55101001504,1,1,"2,781",1.3,"2,149.8"
55101001505,1,1,"4,432",1.8,"2,436.3"
55101001601,1,1,"6,054",30.7,197.1
55101001602,1,1,"2,949",4.2,697.8
55101001701,1,1,"3,445",4.7,736.3
55101001702,1,1,"6,707",6.0,"1,122.7"
55101001703,1,1,"4,371",16.7,261.4
55101001705,1,1,"5,337",2.7,"1,945.3"
55101001706,1,1,"3,675",2.1,"1,726.1"
55101001801,7,7,"5,198",5.8,892.9
55101001802,2,2,"2,788",30.2,92.2
55101001900,2,2,"3,870",35.5,109.0
55101002001,1,1,"2,987",4.7,633.5
55101002002,1,1,"4,961",29.0,171.1
55101002100,7,7,"3,324",34.3,96.8
55101002401,4,4,"5,727",6.4,890.9
55101002402,4,4,"5,116",3.2,"1,603.5"
55101002600,4,4,"5,739",28.1,203.9
55101002701,4,4,"4,048",2.0,"2,067.9"
55101002702,4,4,"5,839",21.5,272.2
55101002800,1,1,"5,891",30.4,193.5
55101980000,7,7,727,0.9,777.0
55101990000,99,99,0,0.0,
55103970100,10,10,"2,858",145.4,19.7
55103970200,8,8,"4,911",261.1,18.8
55103970300,7,7,"2,428",6.1,400.1
55103970400,7,7,"3,584",18.7,192.1
55103970500,9,9,"4,240",155.0,27.4
55105000100,1,1,897,0.2,"3,901.5"
55105000200,1,1,"2,864",0.6,"4,866.0"
55105000300,1,1,"2,705",0.5,"5,909.7"
55105000400,1,1,"3,736",1.3,"2,770.8"
55105000500,1,1,"4,287",1.8,"2,368.8"
55105000600,1,1,"3,295",1.2,"2,758.7"
55105000700,1,1,"3,960",1.4,"2,846.1"
55105000800,1,1,"3,856",0.9,"4,408.5"
55105000900,1,1,"2,790",1.2,"2,240.6"
55105001000,1,1,"3,279",2.4,"1,395.1"
55105001100,1,1,"5,479",1.5,"3,545.1"
55105001201,1,1,"5,541",30.2,183.3
55105001202,1,1,"5,758",25.0,230.5
55105001302,1,1,"6,664",36.1,184.5
55105001303,1,1,"4,603",17.4,264.3
55105001304,1,1,"8,084",3.3,"2,431.5"
55105001400,1,1,"5,810",18.5,314.8
55105001500,1,1,"2,326",0.8,"2,949.3"
55105001600,1,1,"5,050",0.6,"7,955.7"
55105001700,1,1,"5,385",1.2,"4,676.3"
55105001800,1,1,"4,147",0.9,"4,462.6"
55105001900,1,1,"2,734",0.7,"4,062.9"
55105002000,1,1,"3,848",1.1,"3,576.0"
55105002100,1,1,"3,834",2.3,"1,644.3"
55105002200,2,2,"2,307",22.7,101.5
55105002300,1,1,"1,871",1.0,"1,852.5"
55105002400,1,1,"3,530",3.7,957.2
55105002500,1,1,"2,595",0.6,"4,182.7"
55105002601,1,1,"5,472",5.4,"1,008.4"
55105002602,1,1,"3,917",30.8,127.2
55105002700,3,3,"2,571",82.7,31.1
55105002800,2,2,"5,201",110.9,46.9
55105002900,2,2,"8,058",71.1,113.4
55105003001,2,2,"5,037",4.0,"1,262.6"
55105003002,2,2,"4,996",55.4,90.2
55105003100,1,1,"7,581",33.6,225.6
55105003200,2,2,"2,663",99.8,26.7
55105003300,10,10,"3,600",45.3,79.5
55107960100,8,8,"3,792",374.7,10.1
55107960200,9,9,"2,028",258.8,7.8
55107960300,10,10,"2,245",105.8,21.2
55107960400,8,8,"2,981",167.9,17.8
55107960500,7,7,"3,709",6.4,580.4
55109120100,2,2,"2,033",0.7,"2,868.8"
55109120201,2,2,"5,861",2.8,"2,124.6"
55109120202,2,2,"5,161",14.3,361.2
55109120300,2,2,"5,794",7.4,778.3
55109120400,2,2,"10,513",81.9,128.4
55109120501,7,7.1,"5,445",22.9,237.7
55109120502,7,7.1,"5,201",14.0,372.4
55109120600,2,2,"7,569",141.6,53.5
55109120700,10,10,"4,569",144.0,31.7
55109120800,7,7,"8,341",107.7,77.5
55109120901,4,4.1,"4,121",13.1,314.9
55109120903,2,2,"8,609",28.7,300.2
55109120904,2,2,"4,036",74.7,54.0
55109121000,2,2,"7,092",68.7,103.2
55111000100,7,7,"6,616",72.6,91.2
55111000200,9,9,"4,901",103.9,47.1
55111000300,4,4,"6,785",20.2,336.7
55111000401,4,4,"5,147",7.0,734.3
55111000402,4,4,"3,464",18.8,184.6
55111000500,3,3,"3,338",91.0,36.7
55111000600,7,7.1,"6,578",83.3,78.9
55111000700,7,7.1,"2,725",7.1,383.4
55111000800,10,10,"3,873",91.2,42.5
55111000900,8,8,"4,792",136.9,35.0
55111001001,7,7,"6,742",8.0,847.3
55111001002,7,7,"2,881",6.3,459.6
55111001100,10,10,"4,134",184.6,22.4
55113100300,7,7,"4,584",29.8,153.7
55113100400,10,10,"2,205",132.9,16.6
55113100500,10,10,"3,394",319.9,10.6
55113100700,10,10,"1,654",185.8,8.9
55113100800,10,10,"1,658",457.9,3.6
55113940000,10,10,"3,062",131.0,23.4
55115100100,3,3,"2,797",64.6,43.3
55115100200,5,5,"1,796",13.6,132.3
55115100300,5,5,"3,672",44.0,83.4
55115100400,4,4,"4,649",3.2,"1,461.0"
55115100500,4,4,"4,899",5.2,951.0
55115100600,10,10,"4,240",157.2,27.0
55115100700,10,10,"3,423",143.2,23.9
55115100800,10,10.1,"4,860",146.2,33.2
55115100900,6,6,"3,820",106.0,36.0
55115101000,10,10,"3,801",70.4,54.0
55115101100,2,2,"3,992",139.5,28.6
55117000100,1,1,"3,827",0.8,"5,052.1"
55117000201,1,1,"2,912",0.3,"10,212.9"
55117000202,1,1,"4,149",0.8,"5,127.4"
55117000300,1,1,"7,111",2.3,"3,044.4"
55117000400,1,1,"4,412",2.6,"1,700.6"
55117000500,1,1,"3,898",0.5,"7,770.4"
55117000800,1,1,"5,397",1.0,"5,398.4"
55117000900,1,1,"5,126",3.5,"1,480.8"
55117001000,1,1,"7,415",1.9,"3,920.7"
55117001100,1,1,"3,627",1.4,"2,525.1"
55117010100,2,2,"1,531",39.1,39.1
55117010200,1,1,"4,598",18.0,255.0
55117010300,2,2,"3,101",34.7,89.3
55117010400,2,2,"2,622",73.5,35.7
55117010501,7,7.1,"7,914",17.3,458.5
55117010502,7,7.1,"3,478",15.5,223.9
55117010601,1,1,"5,594",2.6,"2,134.3"
55117010602,1,1,"3,793",33.1,114.6
55117010700,1,1,"8,202",14.7,557.0
55117010800,1,1,"3,507",22.6,155.2
55117010900,2,2,"3,208",36.3,88.3
55117011000,2,2,"2,754",35.6,77.3
55117011100,3,3,"4,171",72.1,57.8
55117011200,2,2,"3,615",35.9,100.7
55117011300,2,2,"7,121",44.4,160.3
55117011400,1,1,"2,424",0.5,"4,420.4"
55117990000,99,99,0,0.0,
55119960100,10,10.3,"4,290",221.0,19.4
55119960200,8,8,"2,331",317.5,7.3
55119960300,10,10,"3,001",252.5,11.9
55119960400,7,7,"4,853",74.4,65.2
55119960500,7,7,"2,789",3.6,776.3
55119960600,8,8,"3,425",105.9,32.3
55121100100,2,2,"3,262",89.3,36.5
55121100200,2,2,"3,309",112.0,29.5
55121100300,10,10,"2,455",76.4,32.1
55121100400,10,10,"3,912",86.3,45.3
55121100500,10,10,"3,091",106.7,29.0
55121100600,7,7,"4,072",75.0,54.3
55121100700,2,2,"5,045",106.7,47.3
55121100800,2,2,"3,670",80.5,45.6
55123960100,10,10,"4,266",138.1,30.9
55123960200,10,10,"4,186",138.5,30.2
55123960300,10,10,"4,307",68.7,62.7
55123960400,7,7,"4,876",18.4,264.4
55123960500,8,8,"3,507",168.1,20.9
55123960600,2,2,"4,614",155.2,29.7
55123960700,2,2,"4,017",104.5,38.4
55125940000,10,10,"3,473",99.4,34.9
55125950200,10,10,"4,140",217.2,19.1
55125950500,10,10,"5,772",73.5,78.6
55125950600,10,10,"3,739",394.6,9.5
55125950700,10,10,"4,306",71.9,59.8
55127000101,2,2,"6,003",11.9,504.2
55127000102,2,2,"2,398",22.0,108.9
55127000200,3,3,"6,556",105.4,62.2
55127000301,6,6,"3,140",65.9,47.6
55127000302,6,6,"6,225",60.4,103.0
55127000400,4,4,"3,855",3.2,"1,201.6"
55127000501,4,4,"3,766",0.9,"4,210.5"
55127000502,4,4,"3,675",3.3,"1,110.8"
55127000600,4,4,"5,641",70.3,80.3
55127000701,4,4,"4,121",4.8,856.1
55127000702,4,4,"4,613",3.0,"1,513.5"
55127000800,4,4,"4,574",21.2,216.1
55127000901,4,4,"5,977",9.6,624.9
55127000902,4,4,"3,430",2.3,"1,493.5"
55127001000,6,6,"5,241",54.4,96.4
55127001501,4,4,"3,075",6.2,494.1
55127001502,4,4,"5,379",5.6,961.0
55127001602,4,4,"5,643",11.4,496.1
55127001603,4,4,"2,687",5.3,505.9
55127001604,7,7,"5,056",10.4,488.4
55127001701,2,2,"5,811",18.2,320.0
55127001702,2,2,"5,362",59.5,90.1
55129950100,10,10,"2,044",212.1,9.6
55129950200,8,8,"1,767",139.1,12.7
55129950300,10,10,"2,691",197.7,13.6
55129950500,7,7,"5,100",114.6,44.5
55129950600,8,8,"4,309",133.5,32.3
55131400102,1,1.1,"3,931",3.6,"1,098.8"
55131400103,2,2,"4,014",36.5,110.0
55131400104,1,1.1,"5,715",32.6,175.2
55131410100,1,1.1,"5,057",24.3,207.8
55131420103,1,1.1,"6,039",15.5,389.8
55131420104,1,1.1,"5,096",20.7,246.7
55131420105,1,1.1,"4,671",2.5,"1,855.7"
55131420106,1,1.1,"3,619",2.2,"1,645.9"
55131420200,1,1.1,"5,408",2.0,"2,642.6"
55131420300,1,1.1,"5,873",1.9,"3,167.1"
55131420401,1,1.1,"1,933",0.5,"3,987.4"
55131420402,1,1.1,"2,093",0.7,"3,105.0"
55131430100,2,2.1,"5,664",71.8,78.9
55131440103,1,1.1,"4,827",11.3,428.3
55131440104,1,1.1,"5,614",8.0,704.4
55131440105,1,1.1,"3,338",15.2,219.0
55131440106,2,2,"3,747",35.8,104.7
55131440200,1,1.1,"4,040",0.9,"4,294.8"
55131450103,1,1.1,"5,109",21.4,239.2
55131450104,1,1.1,"6,264",20.9,299.6
55131450105,2,2.1,"2,588",14.9,174.1
55131450106,1,1.1,"5,944",15.6,381.3
55131460101,1,1,"6,262",23.9,261.6
55131460102,1,1,"5,038",11.9,423.6
55131470100,1,1,"5,157",26.8,192.7
55131470202,1,1,"6,278",2.0,"3,181.2"
55131470203,1,1,"4,242",3.5,"1,225.3"
55131470204,1,1,"4,326",4.0,"1,079.8"
55133200101,1,1,"4,480",1.7,"2,613.6"
55133200102,1,1,"4,852",1.5,"3,223.2"
55133200103,1,1,"3,122",2.1,"1,487.7"
55133200201,1,1,"3,595",2.3,"1,589.6"
55133200202,1,1,"4,206",3.9,"1,088.2"
55133200300,1,1,"4,178",13.4,311.3
55133200400,1,1,"6,582",7.4,888.8
55133200500,1,1,"5,667",2.9,"1,926.7"
55133200600,1,1,"1,841",0.8,"2,348.6"
55133200700,1,1,"3,808",2.9,"1,321.9"
55133200801,1,1,"5,114",5.3,964.9
55133200803,1,1,"4,493",3.5,"1,283.7"
55133200804,1,1,"3,624",2.6,"1,378.7"
55133200901,1,1,"3,932",2.9,"1,343.6"
55133200902,1,1,"4,005",3.0,"1,340.9"
55133201000,1,1,"6,027",3.3,"1,808.5"
55133201101,1,1,"4,656",3.7,"1,258.9"
55133201102,1,1,"2,867",1.9,"1,504.0"
55133201201,1,1,"2,119",2.3,911.5
55133201202,1,1,"6,032",3.8,"1,593.1"
55133201203,1,1,"3,233",2.3,"1,378.2"
55133201300,1,1,"4,855",7.7,629.6
55133201402,1,1,"4,656",2.0,"2,286.0"
55133201403,1,1,"4,265",1.9,"2,234.7"
55133201404,1,1,"3,844",2.9,"1,328.2"
55133201503,1,1,"6,647",2.0,"3,256.2"
55133201504,1,1,"6,210",2.5,"2,506.1"
55133201505,1,1,"2,936",2.4,"1,220.2"
55133201506,1,1,"4,697",4.8,976.8
55133201600,1,1,"5,117",13.0,393.7
55133201701,1,1,"4,594",1.9,"2,460.3"
55133201703,1,1,"6,097",2.6,"2,326.2"
55133201704,1,1,"5,206",8.8,592.2
55133201800,1,1,"1,503",1.9,781.7
55133201900,1,1,"5,169",14.8,350.3
55133202001,1,1,"4,995",20.6,242.9
55133202002,1,1,"4,030",14.3,281.5
55133202101,1,1,"4,094",6.6,622.7
55133202102,1,1,"4,650",7.3,637.3
55133202103,1,1,"3,409",5.6,605.3
55133202201,1,1,"4,329",2.1,"2,072.7"
55133202202,1,1,"5,774",1.2,"4,852.0"
55133202301,1,1,"4,494",2.8,"1,607.2"
55133202302,1,1,"6,832",2.1,"3,228.4"
55133202400,1,1,"5,003",1.3,"3,922.4"
55133202500,1,1,"3,998",1.6,"2,523.0"
55133202600,1,1,"3,498",0.5,"7,315.6"
55133202700,1,1,"1,552",0.2,"7,204.8"
55133202800,1,1,"4,219",1.1,"3,956.5"
55133202901,1,1,"4,452",2.0,"2,202.8"
55133202902,1,1,"3,513",1.9,"1,892.3"
55133203000,1,1,"2,641",3.7,720.0
55133203101,1,1,"6,536",2.2,"2,966.5"
55133203102,1,1,"6,701",3.4,"1,995.7"
55133203103,1,1,"4,528",0.9,"5,240.8"
55133203200,1,1,"4,106",4.2,973.8
55133203303,1,1,"3,749",4.8,784.4
55133203304,1,1,"4,037",6.8,596.5
55133203305,1,1,"4,328",4.5,958.9
55133203306,1,1,"5,889",5.9,996.5
55133203402,1,1,"4,011",2.6,"1,567.0"
55133203403,1,1,"5,504",5.6,979.3
55133203404,1,1,"3,035",3.2,941.8
55133203405,1,1,"4,139",5.2,794.1
55133203406,1,1,"6,425",19.2,335.1
55133203500,1,1,"6,563",21.3,308.5
55133203601,1,1,"4,102",3.3,"1,229.2"
55133203602,1,1,"5,897",3.0,"1,974.3"
55133203702,1,1,"5,046",14.8,341.0
55133203703,1,1,"3,819",4.4,864.4
55133203704,1,1,"4,469",6.8,658.9
55133203802,2,2,"6,145",23.9,257.2
55133203803,2,2,"3,945",12.0,329.5
55133203804,1,1,"7,210",20.3,354.9
55133203901,2,2,"4,532",5.2,879.8
55133203902,2,2,"4,308",4.2,"1,027.1"
55133204002,2,2,"5,479",35.6,154.0
55133204003,1,1,"3,826",12.8,299.4
55133204004,2,2,"4,379",30.0,146.2
55133204100,1,1,"5,032",22.8,221.1
55133204200,1,1,"7,197",5.3,"1,364.8"
55133204301,1,1,"4,852",4.7,"1,036.6"
55133204302,1,1,"3,755",2.4,"1,545.0"
55133204400,1,1,"2,079",2.5,823.7
55133204501,2,2,"2,495",23.5,106.2
55133204502,1,1,"6,061",5.0,"1,214.1"
55135100100,9,9,"3,857",82.2,46.9
55135100200,10,10,"2,813",164.2,17.1
55135100300,10,10,"3,847",76.0,50.6
55135100400,10,10,"4,413",105.2,41.9
55135100500,7,7,"3,020",31.6,95.6
55135100600,8,8,"5,148",70.3,73.2
55135100700,10,10,"3,359",47.2,71.1
55135100800,2,2,"4,711",68.6,68.7
55135100900,7,7,"6,103",8.3,735.2
55135101000,7,7,"6,242",8.9,700.3
55135101100,7,7,"4,988",11.3,442.8
55135101200,3,3,"3,909",73.9,52.9
55137960100,3,3,"2,927",104.8,27.9
55137960200,3,3,"3,841",104.9,36.6
55137960300,10,10,"3,249",107.5,30.2
55137960400,10,10,"3,456",135.6,25.5
55137960600,9,9,"2,049",31.4,65.3
55137960700,9,9,"4,459",75.4,59.1
55137960800,7,7,"4,515",66.5,67.9
55139000100,1,1,"2,935",0.5,"6,470.3"
55139000200,1,1,"2,559",0.4,"5,751.4"
55139000300,1,1,"4,151",1.0,"4,218.4"
55139000400,1,1,"2,701",1.1,"2,478.3"
55139000500,1,1,"6,131",0.9,"6,806.4"
55139000700,1,1,"5,503",0.5,"11,794.1"
55139000800,1,1,"3,117",0.5,"6,122.1"
55139000900,1,1,"3,276",1.5,"2,252.3"
55139001000,1,1,"2,718",0.9,"3,139.0"
55139001100,1,1,"4,215",1.0,"4,044.8"
55139001200,1,1,"2,028",0.6,"3,465.4"
55139001300,1,1,"2,664",1.2,"2,283.7"
55139001400,1,1,"3,983",2.4,"1,640.9"
55139001500,1,1,"3,168",1.3,"2,455.7"
55139001600,1,1,"4,039",5.1,796.3
55139001700,1,1,"5,310",9.9,538.4
55139001801,1,1,"5,493",6.1,893.5
55139001803,1,1,"5,737",4.2,"1,359.6"
55139001804,1,1,"4,475",3.2,"1,415.9"
55139001900,1,1,"5,016",46.0,109.0
55139002000,2,2,"6,932",70.3,98.7
55139002100,2,2,"3,572",89.6,39.9
55139002201,2,2.1,"4,733",23.1,205.3
55139002202,2,2,"2,952",64.3,45.9
55139002300,2,2,"5,288",62.0,85.3
55139002400,1,1,"9,874",9.3,"1,067.0"
55139002500,1,1,"5,045",1.4,"3,569.0"
55139002601,1,1,"3,916",1.7,"2,247.1"
55139002602,1,1,"4,543",1.2,"3,648.7"
55139002700,1,1,"2,504",0.5,"5,440.6"
55139002800,1,1,"4,594",1.3,"3,529.1"
55139002900,1,1,"2,341",0.5,"4,617.2"
55139003000,1,1,"1,601",0.6,"2,663.2"
55139003100,1,1,"2,108",0.6,"3,732.0"
55139003200,1,1,"2,305",0.6,"3,551.9"
55139003300,1,1,"2,816",0.8,"3,707.3"
55139003400,1,1,"3,911",1.5,"2,589.3"
55139003500,1,1,"3,064",1.0,"2,939.5"
55139003600,1,1,"4,138",1.3,"3,199.5"
55139003701,1,1,"3,690",0.8,"4,607.6"
55139003702,1,1,"7,848",13.9,563.5
55141010100,5,5,"4,710",139.2,33.8
55141010200,4,4,"4,967",19.8,250.8
55141010300,4,4,"2,963",0.9,"3,434.9"
55141010400,4,4,"3,400",4.5,759.8
55141010500,4,4,"3,311",2.4,"1,370.8"
55141010600,4,4,"4,469",2.0,"2,252.2"
55141010700,5,5,"5,076",107.4,47.3
55141010800,5,5,"2,888",211.9,13.6
55141010900,5,5,"4,088",157.4,26.0
55141011000,4,4,"5,695",12.1,472.5
55141011100,4,4,"3,523",44.6,78.9
55141011200,4,4,"3,911",9.9,396.4
55141011300,4,4,"4,607",4.6,993.0
55141011400,4,4,"5,308",4.5,"1,177.9"
55141011500,4,4,"5,945",13.0,458.8
55141011600,5,5,"5,148",49.7,103.5
55141011700,4,4,"4,740",9.4,506.5